Title,Company,Link
Flutter 앱 개발자 (2년 이상),루먼랩,https://www.wanted.co.kr/wd/227300
Flutter 개발자,섬재,https://www.wanted.co.kr/wd/227007
Senior Flutter 앱 개발자 (3년 이상),테이블매니저,https://www.wanted.co.kr/wd/227073
ReactNative(Flutter) Frontend Engineer,보닥(아이지넷),https://www.wanted.co.kr/wd/225274
플러터 개발자 (2년 이상),한국모바일결제,https://www.wanted.co.kr/wd/215537
Flutter 앱 개발자,테일크루(Talecrew),https://www.wanted.co.kr/wd/226057
Flutter 앱 개발자,엘에스엠케이(LSMK),https://www.wanted.co.kr/wd/214936
크로스플랫폼 앱 개발자(Flutter) (SW팀),이노버스,https://www.wanted.co.kr/wd/214854
플러터 개발자 (3년 이상),더블유클럽,https://www.wanted.co.kr/wd/73811
플러터 개발자 (3년 이상),다이노즈,https://www.wanted.co.kr/wd/203296
Flutter 앱 개발자,비사이드코리아,https://www.wanted.co.kr/wd/120367
Flutter 앱 & Node.js 개발자,인졀미,https://www.wanted.co.kr/wd/210107
Flutter 개발자,코보시스,https://www.wanted.co.kr/wd/99737
Flutter 교육 콘텐츠 제작자,엘리스,https://www.wanted.co.kr/wd/197773
[600억↑투자] Mobile (Flutter) 개발자 (4년 이상),큐픽스,https://www.wanted.co.kr/wd/207359
Flutter 개발자,마이뮤직테이스트,https://www.wanted.co.kr/wd/228509
Flutter 앱 & Node.js 개발자(신입 지원가능),인졀미,https://www.wanted.co.kr/wd/210056
Flutter 모바일 개발,버터플라잉,https://www.wanted.co.kr/wd/215084
Front-end 개발자(Flutter/앱) (7년이상),먼슬리키친,https://www.wanted.co.kr/wd/216792
Flutter 앱 개발자,멋쟁이사자처럼,https://www.wanted.co.kr/wd/227042
렌탈 서비스 개발 프로젝트 Flutter 개발자 (고급),이그레브,https://www.wanted.co.kr/wd/226388
Flutter 개발자 (병역특례_현역/보충역),넛지헬스케어(캐시워크),https://www.wanted.co.kr/wd/168259
모바일 앱 소프트웨어 개발 (Flutter / iOS / Android),블록체인랩스,https://www.wanted.co.kr/wd/138923
"프론트엔드 개발 엔지니어 (React, Flutter)",크로커스,https://www.wanted.co.kr/wd/223111
"프론트엔드 / 모바일 (Vue, Flutter) 엔지니어",드래프티파이,https://www.wanted.co.kr/wd/220132
Flutter 앱 개발자 (1년 이상),테이블매니저,https://www.wanted.co.kr/wd/227075
Flutter 모바일 개발,인피니티익스체인지코리아,https://www.wanted.co.kr/wd/222156
[200억↑투자] Flutter 앱 개발자,바로팜,https://www.wanted.co.kr/wd/211680
Flutter App 개발자,제네시스네스트,https://www.wanted.co.kr/wd/226325
플러터 개발자,모노리스,https://www.wanted.co.kr/wd/194856
플러터 개발자,피에트(FIET),https://www.wanted.co.kr/wd/209183
Flutter 개발자,블리몽키즈,https://www.wanted.co.kr/wd/222392
플랫폼 Flutter 개발자,브랜드엑스피트니스,https://www.wanted.co.kr/wd/223609
Flutter 개발,개념원리,https://www.wanted.co.kr/wd/167521
React Typescript / Flutter 개발자,에이로직,https://www.wanted.co.kr/wd/226170
"Flutter 앱 개발자 (Flutter, AOS, IOS)",유리프트,https://www.wanted.co.kr/wd/224312
[500억↑투자] 프론트엔드 개발자 (React-native / flutter),아파트멘터리,https://www.wanted.co.kr/wd/165183
Flutter(Android) 엔지니어 (전문연 가능),아이엠랩(I.M.LAB),https://www.wanted.co.kr/wd/220299
Flutter 애플리케이션 개발,코리아런드리,https://www.wanted.co.kr/wd/224862
프론트엔드(Flutter) 개발자,컨두잇,https://www.wanted.co.kr/wd/199372
Flutter 개발자,엔코위더스,https://www.wanted.co.kr/wd/224483
Flutter 앱 개발자 (3년 이상),에픽코퍼레이션,https://www.wanted.co.kr/wd/223522
모바일/웹 클라이언트(flutter) 개발자(1년),스쿨버스,https://www.wanted.co.kr/wd/201909
프론트엔드(web/플러터) 엔지니어 (제주본사/판교근무),피플밤,https://www.wanted.co.kr/wd/220848
"프론트엔드 ( Flutter, Next js ) 개발자 JD",용감한파커들,https://www.wanted.co.kr/wd/214491
